<?xml version="1.0" encoding="UTF-8" standalone="yes"?>
<addon id="repository.xstream" name="Filme und Serien" version="1.2.1" provider-name="Filme und Serien">
    <extension point="xbmc.addon.repository" name="Filme und Serien">
        <dir minversion="18.9.701" maxversion="19.9.700">
            <info compressed="false">https://raw.githubusercontent.com/streamxstream/xStreamRepo/master/matrix/addons.xml</info>
            <checksum>https://raw.githubusercontent.com/streamxstream/xStreamRepo/master/matrix/addons.xml.md5</checksum>
            <datadir zip="true">https://raw.githubusercontent.com/streamxstream/xStreamRepo/master/matrix/</datadir>
        </dir>
        <dir minversion="19.9.701" maxversion="20.9.700">
            <info compressed="false">https://raw.githubusercontent.com/streamxstream/xStreamRepo/master/nexus/addons.xml</info>
            <checksum>https://raw.githubusercontent.com/streamxstream/xStreamRepo/master/nexus/addons.xml.md5</checksum>
            <datadir zip="true">https://raw.githubusercontent.com/streamxstream/xStreamRepo/master/nexus/</datadir>
        </dir>
        <dir minversion="20.9.910" maxversion="21.9.700">
            <info compressed="false">https://raw.githubusercontent.com/streamxstream/xStreamRepo/master/omega/addons.xml</info>
            <checksum>https://raw.githubusercontent.com/streamxstream/xStreamRepo/master/omega/addons.xml.md5</checksum>
            <datadir zip="true">https://raw.githubusercontent.com/streamxstream/xStreamRepo/master/omega/</datadir>
        </dir>       
    </extension>
    <extension point="xbmc.addon.metadata">
        <summary lang="de_DE">Filme und Serien</summary>
        <description lang="de_DE">Dies ist das offizielle Filme und Serien Addon-Verzeichnis.[CR]Bei der Bereitstellung einer neuen Version von Filme und Serien wird diese auf Funktionalität geprüft. Sollten dennoch Probleme auftreten benachrichtige bitte das offizielle Filme und Serien-Team.</description>
        <disclaimer lang="de_DE">Die dargestellten Inhalte des in diesem Verzeichnis enthaltenen Addons werden von den Erstellern des Addons weder gehostet oder verbreitet, noch stehen die Ersteller in irgendeiner Beziehung zu den Content-Anbietern.</disclaimer>
        <platform>all</platform>
        <assets>
            <icon>exklusiv.png</icon>
        </assets>
    </extension>
</addon>
